{
  "project_info": {
    "project_number": "781604344649",
    "project_id": "auth-3f039",
    "storage_bucket": "auth-3f039.appspot.com"
  },
  "client": [
    {
      "client_info": {
        "mobilesdk_app_id": "1:781604344649:android:bc1f4d1baef574866f4098",
        "android_client_info": {
          "package_name": "com.example.inventorymanagement"
        }
      },
      "oauth_client": [
        {
          "client_id": "781604344649-414lds203pvh99qrc9npbut36p79krag.apps.googleusercontent.com",
          "client_type": 3
        }
      ],
      "api_key": [
        {
          "current_key": "AIzaSyC4u5ReAE297GqQVRwoev5NLapMItMO6hk"
        }
      ],
      "services": {
        "appinvite_service": {
          "other_platform_oauth_client": [
            {
              "client_id": "781604344649-414lds203pvh99qrc9npbut36p79krag.apps.googleusercontent.com",
              "client_type": 3
            }
          ]
        }
      }
    },
    {
      "client_info": {
        "mobilesdk_app_id": "1:781604344649:android:03cb874c64cccd6e6f4098",
        "android_client_info": {
          "package_name": "com.example.myapplication"
        }
      },
      "oauth_client": [
        {
          "client_id": "781604344649-414lds203pvh99qrc9npbut36p79krag.apps.googleusercontent.com",
          "client_type": 3
        }
      ],
      "api_key": [
        {
          "current_key": "AIzaSyC4u5ReAE297GqQVRwoev5NLapMItMO6hk"
        }
      ],
      "services": {
        "appinvite_service": {
          "other_platform_oauth_client": [
            {
              "client_id": "781604344649-414lds203pvh99qrc9npbut36p79krag.apps.googleusercontent.com",
              "client_type": 3
            }
          ]
        }
      }
    }
  ],
  "configuration_version": "1"
}